Relaxed,Blink
BYB_Recording_2023-06-29_02.51.37.wav,BYB_Recording_2023-06-29_03.36.56.wav
BYB_Recording_2023-06-29_02.51.50.wav,BYB_Recording_2023-06-29_03.37.10.wav
BYB_Recording_2023-06-29_02.52.02.wav,BYB_Recording_2023-06-29_03.37.21.wav
BYB_Recording_2023-06-29_02.52.14.wav,BYB_Recording_2023-06-29_03.37.35.wav
BYB_Recording_2023-06-29_02.52.26.wav,BYB_Recording_2023-06-29_03.37.50.wav
BYB_Recording_2023-06-29_02.52.38.wav,BYB_Recording_2023-06-29_03.38.01.wav
BYB_Recording_2023-06-29_02.53.19.wav,BYB_Recording_2023-06-29_03.38.14.wav
BYB_Recording_2023-06-29_02.53.31.wav,BYB_Recording_2023-06-29_03.38.25.wav
BYB_Recording_2023-06-29_02.54.01.wav,BYB_Recording_2023-06-29_03.38.37.wav
BYB_Recording_2023-06-29_02.54.13.wav,BYB_Recording_2023-06-29_03.38.49.wav
BYB_Recording_2023-06-29_02.54.32.wav,BYB_Recording_2023-06-29_03.39.02.wav
BYB_Recording_2023-06-29_02.54.44.wav,BYB_Recording_2023-06-29_03.39.14.wav
BYB_Recording_2023-06-29_02.54.56.wav,BYB_Recording_2023-06-29_03.39.25.wav
BYB_Recording_2023-06-29_02.55.08.wav,BYB_Recording_2023-06-29_03.39.38.wav
BYB_Recording_2023-06-29_02.55.20.wav,BYB_Recording_2023-06-29_03.39.50.wav
BYB_Recording_2023-06-29_02.55.32.wav,BYB_Recording_2023-06-29_03.40.01.wav
BYB_Recording_2023-06-29_02.55.52.wav,BYB_Recording_2023-06-29_03.40.13.wav
BYB_Recording_2023-06-29_02.56.04.wav,BYB_Recording_2023-06-29_03.40.24.wav
BYB_Recording_2023-06-29_02.56.15.wav,BYB_Recording_2023-06-29_03.40.36.wav
BYB_Recording_2023-06-29_02.56.27.wav,BYB_Recording_2023-06-29_03.40.47.wav
BYB_Recording_2023-06-29_02.56.38.wav,BYB_Recording_2023-06-29_03.40.59.wav
BYB_Recording_2023-06-29_02.56.53.wav,BYB_Recording_2023-06-29_03.41.11.wav
BYB_Recording_2023-06-29_02.57.05.wav,BYB_Recording_2023-06-29_03.41.25.wav
BYB_Recording_2023-06-29_02.57.21.wav,BYB_Recording_2023-06-29_03.41.38.wav
BYB_Recording_2023-06-29_02.57.33.wav,BYB_Recording_2023-06-29_03.41.51.wav
BYB_Recording_2023-06-29_02.57.52.wav,BYB_Recording_2023-06-29_03.42.02.wav
BYB_Recording_2023-06-29_02.58.04.wav,BYB_Recording_2023-06-29_03.42.14.wav
BYB_Recording_2023-06-29_02.58.16.wav,BYB_Recording_2023-06-29_03.42.28.wav
BYB_Recording_2023-06-29_02.58.40.wav,BYB_Recording_2023-06-29_03.42.39.wav
BYB_Recording_2023-06-29_02.58.52.wav,BYB_Recording_2023-06-29_03.42.51.wav
BYB_Recording_2023-06-29_02.59.04.wav,BYB_Recording_2023-06-29_03.43.04.wav
BYB_Recording_2023-06-29_02.59.15.wav,BYB_Recording_2023-06-29_03.43.18.wav
BYB_Recording_2023-06-29_02.59.28.wav,BYB_Recording_2023-06-29_03.43.31.wav
BYB_Recording_2023-06-29_02.59.39.wav,BYB_Recording_2023-06-29_03.43.44.wav
BYB_Recording_2023-06-29_02.59.52.wav,BYB_Recording_2023-06-29_03.43.56.wav
BYB_Recording_2023-06-29_03.00.03.wav,BYB_Recording_2023-06-29_03.44.09.wav
BYB_Recording_2023-06-29_03.00.15.wav,BYB_Recording_2023-06-29_03.44.21.wav
BYB_Recording_2023-06-29_03.00.26.wav,BYB_Recording_2023-06-29_03.44.33.wav
BYB_Recording_2023-06-29_03.00.38.wav,BYB_Recording_2023-06-29_03.44.47.wav
BYB_Recording_2023-06-29_03.00.51.wav,BYB_Recording_2023-06-29_03.45.00.wav
BYB_Recording_2023-06-29_03.01.03.wav,BYB_Recording_2023-06-29_03.45.12.wav
BYB_Recording_2023-06-29_03.01.14.wav,BYB_Recording_2023-06-29_03.45.43.wav
BYB_Recording_2023-06-29_03.01.26.wav,BYB_Recording_2023-06-29_03.45.55.wav
BYB_Recording_2023-06-29_03.01.38.wav,BYB_Recording_2023-06-29_03.46.09.wav
BYB_Recording_2023-06-29_03.01.49.wav,BYB_Recording_2023-06-29_03.46.19.wav
BYB_Recording_2023-06-29_03.02.01.wav,BYB_Recording_2023-06-29_03.46.31.wav
BYB_Recording_2023-06-29_03.02.13.wav,BYB_Recording_2023-06-29_03.46.42.wav
BYB_Recording_2023-06-29_03.02.29.wav,BYB_Recording_2023-06-29_03.46.56.wav
BYB_Recording_2023-06-29_03.03.30.wav,BYB_Recording_2023-06-29_03.47.08.wav
BYB_Recording_2023-06-29_03.03.52.wav,BYB_Recording_2023-06-29_03.47.22.wav
BYB_Recording_2023-06-29_03.04.04.wav,BYB_Recording_2023-06-29_03.47.34.wav
BYB_Recording_2023-06-29_03.04.16.wav,BYB_Recording_2023-06-29_03.47.45.wav
BYB_Recording_2023-06-29_03.04.28.wav,BYB_Recording_2023-06-29_03.47.59.wav
BYB_Recording_2023-06-29_03.04.39.wav,BYB_Recording_2023-06-29_03.48.11.wav
BYB_Recording_2023-06-29_03.04.51.wav,BYB_Recording_2023-06-29_03.48.23.wav
BYB_Recording_2023-06-29_03.05.03.wav,BYB_Recording_2023-06-29_03.48.45.wav
BYB_Recording_2023-06-29_03.05.15.wav,BYB_Recording_2023-06-29_03.49.00.wav
BYB_Recording_2023-06-29_03.05.26.wav,BYB_Recording_2023-06-29_03.49.16.wav
BYB_Recording_2023-06-29_03.05.38.wav,BYB_Recording_2023-06-29_03.49.37.wav
BYB_Recording_2023-06-29_03.05.50.wav,BYB_Recording_2023-06-29_03.49.49.wav
BYB_Recording_2023-06-29_03.06.01.wav,BYB_Recording_2023-06-29_03.50.01.wav
BYB_Recording_2023-06-29_03.06.13.wav,BYB_Recording_2023-06-29_03.50.12.wav
BYB_Recording_2023-06-29_03.06.25.wav,BYB_Recording_2023-06-29_03.50.24.wav
BYB_Recording_2023-06-29_03.06.36.wav,BYB_Recording_2023-06-29_03.50.36.wav
BYB_Recording_2023-06-29_03.06.48.wav,BYB_Recording_2023-06-29_03.50.57.wav
BYB_Recording_2023-06-29_03.07.00.wav,BYB_Recording_2023-06-29_03.51.08.wav
BYB_Recording_2023-06-29_03.07.15.wav,BYB_Recording_2023-06-29_03.51.21.wav
BYB_Recording_2023-06-29_03.07.35.wav,BYB_Recording_2023-06-29_03.51.35.wav
BYB_Recording_2023-06-29_03.07.50.wav,BYB_Recording_2023-06-29_03.52.05.wav
BYB_Recording_2023-06-29_03.08.02.wav,BYB_Recording_2023-06-29_03.52.17.wav
BYB_Recording_2023-06-29_03.08.13.wav,BYB_Recording_2023-06-29_03.52.43.wav
BYB_Recording_2023-06-29_03.08.36.wav,BYB_Recording_2023-06-29_03.52.54.wav
BYB_Recording_2023-06-29_03.08.52.wav,BYB_Recording_2023-06-29_03.53.06.wav
BYB_Recording_2023-06-29_03.09.07.wav,BYB_Recording_2023-06-29_03.53.20.wav
BYB_Recording_2023-06-29_03.09.19.wav,BYB_Recording_2023-06-29_03.53.31.wav
BYB_Recording_2023-06-29_03.09.30.wav,BYB_Recording_2023-06-29_03.53.42.wav
BYB_Recording_2023-06-29_03.09.42.wav,BYB_Recording_2023-06-29_03.53.54.wav
BYB_Recording_2023-06-29_03.09.54.wav,BYB_Recording_2023-06-29_03.54.05.wav
BYB_Recording_2023-06-29_03.10.06.wav,BYB_Recording_2023-06-29_03.54.17.wav
BYB_Recording_2023-06-29_03.10.18.wav,BYB_Recording_2023-06-29_03.54.28.wav
BYB_Recording_2023-06-29_03.10.29.wav,BYB_Recording_2023-06-29_03.54.40.wav
BYB_Recording_2023-06-29_03.10.41.wav,BYB_Recording_2023-06-29_03.54.54.wav
BYB_Recording_2023-06-29_03.10.52.wav,BYB_Recording_2023-06-29_03.55.05.wav
BYB_Recording_2023-06-29_03.11.03.wav,BYB_Recording_2023-06-29_03.55.18.wav
BYB_Recording_2023-06-29_03.11.16.wav,BYB_Recording_2023-06-29_03.55.29.wav
BYB_Recording_2023-06-29_03.12.17.wav,BYB_Recording_2023-06-29_03.55.40.wav
BYB_Recording_2023-06-29_03.12.28.wav,BYB_Recording_2023-06-29_03.55.52.wav
BYB_Recording_2023-06-29_03.12.40.wav,BYB_Recording_2023-06-29_03.56.04.wav
BYB_Recording_2023-06-29_03.12.52.wav,BYB_Recording_2023-06-29_03.56.22.wav
BYB_Recording_2023-06-29_03.13.06.wav,BYB_Recording_2023-06-29_03.56.36.wav
BYB_Recording_2023-06-29_03.13.18.wav,BYB_Recording_2023-06-29_03.56.48.wav
BYB_Recording_2023-06-29_03.13.31.wav,BYB_Recording_2023-06-29_03.56.59.wav
BYB_Recording_2023-06-29_03.16.45.wav,BYB_Recording_2023-06-29_03.57.11.wav
BYB_Recording_2023-06-29_03.16.57.wav,BYB_Recording_2023-06-29_03.57.21.wav
BYB_Recording_2023-06-29_03.17.17.wav,BYB_Recording_2023-06-29_03.57.34.wav
BYB_Recording_2023-06-29_03.17.30.wav,BYB_Recording_2023-06-29_03.57.46.wav
BYB_Recording_2023-06-29_03.17.41.wav,BYB_Recording_2023-06-29_03.57.57.wav
BYB_Recording_2023-06-29_03.17.55.wav,BYB_Recording_2023-06-29_03.58.08.wav
BYB_Recording_2023-06-29_03.18.07.wav,BYB_Recording_2023-06-29_03.58.20.wav
BYB_Recording_2023-06-29_03.18.35.wav,BYB_Recording_2023-06-29_03.58.32.wav
BYB_Recording_2023-06-29_03.18.47.wav,BYB_Recording_2023-06-29_03.58.43.wav
BYB_Recording_2023-06-29_03.18.59.wav,
BYB_Recording_2023-06-29_03.19.16.wav,
BYB_Recording_2023-06-29_03.19.28.wav,
BYB_Recording_2023-06-29_03.19.51.wav,
BYB_Recording_2023-06-29_03.20.03.wav,
BYB_Recording_2023-06-29_03.20.15.wav,
BYB_Recording_2023-06-29_03.20.38.wav,
BYB_Recording_2023-06-29_03.21.01.wav,
BYB_Recording_2023-06-29_03.21.13.wav,
BYB_Recording_2023-06-29_03.21.25.wav,
BYB_Recording_2023-06-29_03.21.38.wav,
BYB_Recording_2023-06-29_03.21.53.wav,
BYB_Recording_2023-06-29_03.22.07.wav,
BYB_Recording_2023-06-29_03.22.19.wav,
BYB_Recording_2023-06-29_03.22.36.wav,
BYB_Recording_2023-06-29_03.22.49.wav,
BYB_Recording_2023-06-29_03.24.20.wav,
BYB_Recording_2023-06-29_03.24.32.wav,
BYB_Recording_2023-06-29_03.24.43.wav,
BYB_Recording_2023-06-29_03.24.55.wav,
BYB_Recording_2023-06-29_03.25.07.wav,
BYB_Recording_2023-06-29_03.25.21.wav,
BYB_Recording_2023-06-29_03.25.33.wav,
BYB_Recording_2023-06-29_03.25.45.wav,
BYB_Recording_2023-06-29_03.25.57.wav,
BYB_Recording_2023-06-29_03.26.17.wav,
BYB_Recording_2023-06-29_03.26.29.wav,
BYB_Recording_2023-06-29_03.26.41.wav,
BYB_Recording_2023-06-29_03.26.58.wav,
BYB_Recording_2023-06-29_03.27.11.wav,
BYB_Recording_2023-06-29_03.27.37.wav,
BYB_Recording_2023-06-29_03.27.49.wav,
BYB_Recording_2023-06-29_03.28.46.wav,
BYB_Recording_2023-06-29_03.28.57.wav,
BYB_Recording_2023-06-29_03.29.09.wav,
BYB_Recording_2023-06-29_03.29.20.wav,
BYB_Recording_2023-06-29_03.29.32.wav,
BYB_Recording_2023-06-29_03.31.56.wav,
BYB_Recording_2023-06-29_03.32.10.wav,
BYB_Recording_2023-06-29_03.32.22.wav,
BYB_Recording_2023-06-29_03.32.33.wav,
BYB_Recording_2023-06-29_03.32.46.wav,
BYB_Recording_2023-06-29_03.32.58.wav,
BYB_Recording_2023-06-29_03.33.10.wav,
BYB_Recording_2023-06-29_03.33.22.wav,
BYB_Recording_2023-06-29_03.33.35.wav,
BYB_Recording_2023-06-29_03.33.47.wav,
BYB_Recording_2023-06-29_03.33.58.wav,
BYB_Recording_2023-06-29_03.34.07.wav,
BYB_Recording_2023-06-29_03.34.19.wav,
BYB_Recording_2023-06-29_03.34.31.wav,
BYB_Recording_2023-06-29_03.34.43.wav,
BYB_Recording_2023-06-29_03.34.55.wav,
BYB_Recording_2023-06-29_03.35.07.wav,
BYB_Recording_2023-06-29_03.35.27.wav,
